id,year,question_no,topic,category,answer,source_page,asset_path,question_text,ア,イ,ウ,エ
SA-2023-AM2-Q01,2023,1,アシュアランスケース,設計・実装,イ,3,,システムやソフトウェアの品質に関する主張の正当性を裏付ける文書である“アシュアランスケース”を導入する目的として、適切なものはどれか。,システムの構成品目の故障モードに着目してシステムの信頼性を定性的に分析することによって、故障の原因及び影響を明らかにする。,システムやソフトウェアに関する主張と証拠を示して論理的に説明することによって、目標の品質が達成できることを示す。,システムやソフトウェアの振る舞いに対してガイドワードを用いて分析することによって、システムやソフトウェアが意図する振る舞いから逸脱するケースを明らかにする。,障害とその中間的な原因から基本的な原因までの全てをゲートで関連付けた樹形図で表すことによって、原因又は原因の組合せを明らかにする。
SA-2023-AM2-Q02,2023,2,階層化DFDのバランシング,設計・実装,イ,4,assets/2023_q02_dfd.png,図は、階層化されたDFDにおける、あるレベルのDFDの一部である。プロセス1を子プロセスに分割して詳細化したDFDのうち、適切なものはどれか。ここで、プロセス1の子プロセスは、プロセス1-1、1-2及び1-3とする。,,,,
SA-2023-AM2-Q03,2023,3,SysML,設計・実装,ウ,5,,複数のシステムの組合せによって実現するSoS（System of Systems）をモデル化するのに適した表記法であるSysMLの特徴はどれか。,オブジェクト図によって、インスタンスの静的なスナップショットが記述できる。,単純な図形及び矢印によって、システムのデータの流れが記述できる。,パラメトリック図によって、モデル要素間の制約条件が記述できる。,連接、反復、選択の記述パターンによって、ソフトウェアの構造が分かりやすく視覚化できる。
SA-2023-AM2-Q04,2023,4,MVC,設計・実装,ア,5,,ヒューマンインタフェースをもつシステムにおいて、機能とヒューマンインタフェースとの相互依存を弱めることによって、修正性や再利用性を向上させることを目的としたアーキテクチャパターンはどれか。,MVC,イベントシステム,マイクロカーネル,レイヤー
SA-2023-AM2-Q05,2023,5,Javaサーブレットのオーバーライド,設計・実装,ア,5,,Javaサーブレットを用いたWebアプリケーションソフトウェアの開発では、例えば、doGetやdoPostなどのメソッドを、シグネチャ（メソッド名、引数の型・個数・順序）は変えずに、目的とする機能を実現するための処理に置き換える。このメソッドの置き換えを何と呼ぶか。,オーバーライド,オーバーロード,カプセル化,継承
SA-2023-AM2-Q06,2023,6,デザインパターン,設計・実装,イ,6,,デザインパターンの説明はどれか。,Javaなどのプログラム言語に依存した、コーディングの定石やノウハウを集めたものである。,再利用性や柔軟性の高いプログラムを設計するために、参考となるオブジェクトの組合せ方をパターンとして分類したものであり、代表的なパターン集としてGoFパターンがある。,ソフトウェアの開発方法をパターン集としてまとめたものであり、組織編成や開発管理のためのパターンがある。,ソフトウェアの基本構造を設計するためのパターンであり、その一つとしてMVCパターンがある。
SA-2023-AM2-Q07,2023,7,AIのチューリングテスト,テスト・品質,イ,6,,ある通信販売事業者は、AI技術を利用して人間のように受け答えする、Webのチャットをインタフェースとしたユーザーサポートシステムを開発している。テスト工程では、次の方法でテストする手法を採用した。このような、AIに関するテスト手法を何というか。  【テストの方法】 ・判定者は、このシステムと人間との、それぞれを相手に自然言語によるチャットを行う。このとき、判定者はどちらがこのシステムで、どちらが人間なのかは知らされていない。 ・判定者が一連のチャットを行った後に、チャットの相手のどちらがこのシステムで、どちらが人間かを判別できるかどうかを確認する。,実験計画法,チューリングテスト,ファジング,ロードテスト
SA-2023-AM2-Q08,2023,8,SQuaRE品質特性,テスト・品質,ア,7,,JIS X 25010:2013（システム及びソフトウェア製品の品質要求及び評価（SQuaRE）―システム及びソフトウェア品質モデル）で定義されたシステム及び／又はソフトウェア製品の品質特性に関する説明のうち、適切なものはどれか。,機能適合性とは、明示された状況下で使用するとき、明示的ニーズ及び暗黙のニーズを満足させる機能を、製品又はシステムが提供する度合いのことである。,信頼性とは、明記された状態（条件）で使用する資源の量に関係する性能の度合いのことである。,性能効率性とは、明示された利用状況において、有効性、効率性及び満足性をもって明示された目標を達成するために、明示された利用者が製品又はシステムを利用することができる度合いのことである。,保守性とは、明示された時間帯で、明示された条件下に、システム、製品又は構成要素が明示された機能を実行する度合いのことである。
SA-2023-AM2-Q09,2023,9,UMLステートマシン図,設計・実装,ア,8,assets/2023_q09_uml.png,UML 2.0のステートマシン図の記法に適合している図はどれか。,,,,
SA-2023-AM2-Q10,2023,10,ペアプログラミング,設計・実装,エ,9,,タイピングを行う人をドライバと呼び、その様子を見ながら指摘や助言をする人をナビゲータと呼んで、2人が1台のPCを共有して共同でプログラムを作成する技法はどれか。,インスペクション,ウォークスルー,パスアラウンド,ペアプログラミング
SA-2023-AM2-Q11,2023,11,ソフトウェア受入れテスト,要求・開発プロセス,ア,9,,JIS X 0160:2021（ソフトウェアライフサイクルプロセス）によれば、ソフトウェアライフサイクルプロセスにおいて、提供するソフトウェアシステムが利害関係者要件（要求事項）に合致し、利用に適していることを、顧客とともに確信するに至るためのテストを何と呼ぶか。,ソフトウェア受入れテスト,ソフトウェア検証,ソフトウェア適格性確認テスト,ファズテスト
SA-2023-AM2-Q12,2023,12,スクラムのレトロスペクティブ,マネジメント・契約,ア,9,,スクラムを適用したアジャイル開発において、スクラムチームで、人、関係、プロセス及びツールの観点から、何がうまくいき、何がうまくいかなかったのかを議論し、プロセス改善を促進するアクティビティはどれか。,スプリントレトロスペクティブ,スプリントレビュー,デイリースクラム,バックログリファインメント
SA-2023-AM2-Q13,2023,13,ABCによる人件費削減効果,マネジメント・契約,ウ,10,,製品Xと製品Yを販売している企業が、見積作成と提案書作成に掛かる業務時間を、それぞれ20%削減できるシステムの構築を検討している。Activity-Based Costingを用いて、次の条件が洗い出された。本システム構築による製品Xの見積作成と製品Xの提案書作成に関する月間総人件費削減効果は幾らか。  【条件】 ・製品Xの見積作成に掛かる月間業務時間は、50時間 ・製品Xの提案書作成に掛かる月間業務時間は、50時間 ・製品Yの見積作成に掛かる月間業務時間は、100時間 ・製品Yの提案書作成に掛かる月間業務時間は、400時間 ・製品Xと製品Yの見積作成に掛かる月間総人件費は、60万円 ・製品Xと製品Yの提案書作成に掛かる月間総人件費は、360万円 ・見積作成と提案書作成は、それぞれ人件費単価が異なる部門が担っている ・製品Xと製品Yの見積作成に掛かる人件費単価は、同じである ・製品Xと製品Yの提案書作成に掛かる人件費単価は、同じである,4万円,8万円,12万円,14万円
SA-2023-AM2-Q14,2023,14,WTO政府調達協定,マネジメント・契約,ウ,11,,WTO政府調達協定の説明はどれか。,EU市場で扱われる電気・電子製品、医療機器などにおいて、一定基準値を超える特定有害物質（鉛、カドミウム、六価クロム、水銀など6物質）の使用を規制することを定めたものである。,国などの公的機関が率先して、環境物品等（環境負荷低減に資する製品やサービス）の調達を推進し、環境物品等への需要の転換を促進するために必要な事項を定めたものである。,政府機関などによる物品・サービスの調達において、締約国に対する市場開放を進めて国際的な競争の機会を増大させるとともに、苦情申立て、協議及び紛争解決に関する実効的な手続を定めたものである。,締約国に対して、工業所有権の保護に関するパリ条約や、著作権の保護に関するベルヌ条約などの主要条項を遵守することを義務付けるとともに、知的財産権保護のための最恵国待遇などを定めたものである。
SA-2023-AM2-Q15,2023,15,実費償還契約,マネジメント・契約,エ,11,,システム開発における発注者と受注者であるベンダーとの契約方法のうち、実費償還契約はどれか。,委託業務の進行中に発生するリスクはベンダーが負い、発注者は注文時に合意した価格を支払う。,インフレ率や特定の製品の調達コストの変化に応じて、あらかじめ取り決められた契約金額を調整する。,契約時に、目標とするコスト、利益、利益配分率、上限額を合意し、目標とするコストと実際に発生したコストの差異に基づいて利益を配分する。,ベンダーの役務や技術に対する報酬に加え、委託業務の遂行に要した費用の全てをベンダーに支払う。
SA-2023-AM2-Q16,2023,16,パーソナルデータを用いたスコアリング,AI・データ活用,ウ,12,,パーソナルデータを用いた、個人をスコアリングするサービスの事例はどれか。,口コミサイトなど、個人が提供する情報をコンテンツとするWebサイトの内容を解析することによって、そのサイトの信用度を格付けするサービス,個人情報を取り扱う情報システムに対して、ペネトレーションテストなど、種々の検証を実施し、セキュリティの確保の状態を評価するサービス,対象者の許諾の下で収集・提供されたデータをAIが分析することによって、個人への融資条件の決定などに使用される指標を提供するサービス,ベンチャー企業の創業者の経営能力や経歴を様々な角度から数値化することによって、その企業の成長の可能性を投資家向けに予測するサービス
SA-2023-AM2-Q17,2023,17,共通鍵暗号,セキュリティ,ア,12,,暗号技術のうち、共通鍵暗号方式のものはどれか。,AES,ElGamal暗号,RSA,楕円曲線暗号
SA-2023-AM2-Q18,2023,18,TPM 2.0,セキュリティ,エ,12,,TPM 2.0で定義されている機能はどれか。,TLS通信におけるデータの暗号化及び復号を行う機能,サーバでの認証回数をシードと掛け合わせてワンタイムパスワードを生成する機能,シードと呼ばれる値と、その値が作られた時刻からの経過時間から、ワンタイムパスワードを生成する機能,モジュール内で暗号化のための鍵を生成し、安全に保管する機能
SA-2023-AM2-Q19,2023,19,ベイジアンフィルター,セキュリティ,エ,13,,迷惑メールの検知手法であるベイジアンフィルターの説明はどれか。,信頼できるメール送信元を許可リストに登録しておき、許可リストにないメール送信元からの電子メールは迷惑メールと判定する。,電子メールが正規のメールサーバから送信されていることを検証し、迷惑メールであるかどうかを判定する。,電子メールの第三者中継を許可しているメールサーバを登録したデータベースの掲載情報を基に、迷惑メールであるかどうかを判定する。,利用者が振り分けた迷惑メールと正規のメールから特徴を学習し、迷惑メールであるかどうかを統計的に判定する。
SA-2023-AM2-Q20,2023,20,デジタル署名,セキュリティ,イ,13,,送信者Aは、署名生成鍵Xを使って文書ファイルのデジタル署名を生成した。送信者Aから、文書ファイルとその文書ファイルのデジタル署名を受信者Bが受信したとき、受信者Bができることはどれか。ここで、受信者Bは署名生成鍵Xと対をなす、署名検証鍵Yを保有しており、受信者Bと第三者は署名生成鍵Xを知らないものとする。,文書ファイルが改ざんされた場合、デジタル署名、文書ファイル及び署名検証鍵Yの整合性を確認することによって、その改ざん部分を判別できる。,文書ファイルが改ざんされていないこと、及びデジタル署名が署名生成鍵Xによって生成されたことを確認できる。,文書ファイルがマルウェアに感染していないことを認証局に問い合わせて確認できる。,文書ファイルとデジタル署名のどちらかが改ざんされた場合、どちらが改ざんされたかを判別できる。
SA-2023-AM2-Q21,2023,21,命令・データ用バス分離,コンピュータ・DB・ネットワーク,ウ,14,,CPU内部の命令読取り用バスとデータアクセス用バスとを分離するハーバードアーキテクチャを用いる目的として、適切なものはどれか。,CPU以外のバスマスターを使用可能にする。,バスの信号線の本数を減らす。,プログラムの実行時間を短縮する。,メモリの内容を保護する。
SA-2023-AM2-Q22,2023,22,RPC,コンピュータ・DB・ネットワーク,ウ,14,,WebブラウザやHTTPを用いず、独自のGUIとデータ転送機構を用いた、ネットワーク対戦型のゲームを作成する。仕様の(2)の実現に用いることができる仕組みはどれか。  【仕様】 (1) ゲームは囲碁や将棋のように2人のプレーヤの間で行われ、ゲームの状態はサーバで管理する。プレーヤはそれぞれクライアントプログラムを操作してゲームに参加する。 (2) プレーヤが新たな手を打ったとき、クライアントプログラムはサーバにある関数を呼び出す。サーバにある関数は、その手がルールに従っているかどうかを調べて、ルールに従った手であればゲームの状態を変化させ、そうでなければその手が無効であることをクライアントプログラムに知らせる。 (3) ゲームの状態に変化があれば、サーバは各クライアントプログラムにその旨を知らせることによってGUIに反映させる。,CGI,PHP,RPC,XML
SA-2023-AM2-Q23,2023,23,クラウドサービス派生データ,コンピュータ・DB・ネットワーク,エ,15,,クラウドサービスに関係するデータのうち、クラウドサービス派生データに関する記述はどれか。,あるクラウドサービスから別のクラウドサービスへ移行するときに、データの再入力が不要で、移行先でも活用されるデータ,クラウドサービスの提供者の管理下にあり、データセンター全体の構成や、ストレージのリソース配分などのクラウドサービスの維持に使用するデータ,利用者がクラウドサービスの公開インタフェースを使って入力したデータやサービスを実行して作成したデータ,利用者がクラウドサービスを利用した時間や作業内容などが記録されたログデータ
SA-2023-AM2-Q24,2023,24,DBMSのコミット,コンピュータ・DB・ネットワーク,エ,15,,DBMSがトランザクションのコミット処理を完了するタイミングはどれか。,アプリケーションプログラムの更新命令完了時点,チェックポイント処理完了時点,ログバッファへのコミット情報書込み完了時点,ログファイルへのコミット情報書込み完了時点
SA-2023-AM2-Q25,2023,25,レイヤ2スイッチ/ブリッジ,コンピュータ・DB・ネットワーク,イ,15,,CSMA/CD方式のLANで使用されるスイッチングハブ（レイヤー2スイッチ）は、フレームの蓄積機能、速度変換機能や交換機能をもっている。このようなスイッチングハブと同等の機能をもち、同じプロトコル階層で動作する装置はどれか。,ゲートウェイ,ブリッジ,リピータ,ルータ
SA-2024-AM2-Q01,2024,1,INVESTとユーザーストーリ,設計・実装,エ,3,,アジャイル開発プロセスにおいて、Bill Wakeが提案した“INVEST”と呼ばれる六つの観点を用いて行うことはどれか。,効率よくアクティビティ図を作成する。,コード化できるレベルまで詳細化されたデータフロー図を作成する。,再利用しやすいソフトウェアパターンとなっているかどうかを評価する。,質の高いユーザーストーリーとなっているかどうかを評価する。
SA-2024-AM2-Q02,2024,2,インプロセスデータベース,設計・実装,イ,3,,組込みシステムでDBMSを用いるときには、通信のオーバーヘッド、通信負荷の発生を防ぐこと、必要なメモリ容量をリソース制限内に抑えることなどを目的として、インプロセスデータベースを用いることがある。このインプロセスデータベースの説明として、適切なものはどれか。,クライアントサーバ形式のクライアントとなるアプリケーションプログラムとソケットを介して通信し、SQLを用いて処理を記述する。,データベースエンジンはライブラリ形式で提供され、アプリケーションプログラムとリンクされて同一メモリ空間で動作する。,テーブルデータの全体をメモリ上に配置して、データベース処理を高速化する。,一つのテーブルを一つのファイルで管理し、アプリケーションプログラムからはファイル入出力のAPIで操作する。
SA-2024-AM2-Q03,2024,3,サーキットブレーカー,設計・実装,ウ,4,,マイクロサービスアーキテクチャを採用してアプリケーションソフトウェアを設計している。障害発生による影響の範囲を局所化してシステム全体への波及を抑えるために、マイクロサービスへリクエストを送ったときのエラーが、あらかじめ設定している回数を超える場合に、障害が解消するまでは、リクエストを送らない方式とする。この方式を何と呼ぶか。,CORS,RPC,サーキットブレーカー,サービスディスカバリー
SA-2024-AM2-Q04,2024,4,デザインパターン,設計・実装,エ,4,,オブジェクト指向におけるデザインパターンに関する記述として、適切なものはどれか。,幾つかのクラスに共通する性質を抽出して、一般化したクラスを定義したものである。,同じ性質をもつオブジェクト群を、更にクラスとして抽象化したものである。,オブジェクトの内部にデータを隠蔽し、オブジェクトの仕様と実装とを分離したものである。,システムの構造や機能について、設計上の典型的な問題とその解決策とを示し、再利用できるようにしたものである。
SA-2024-AM2-Q05,2024,5,モジュール結合度,設計・実装,イ,4,,モジュール間のデータの受渡し方法のうち、最も低いモジュール結合度となるものはどれか。,単一のデータ項目を大域的データで受け渡す。,単一のデータ項目を引数で受け渡す。,データ構造を大域的データで受け渡す。,データ構造を引数で受け渡す。
SA-2024-AM2-Q06,2024,6,アサーションチェック,テスト・品質,ア,5,,プログラムに、実行中の特定の時点で成立すべき変数間の関係や条件を記述した論理式を埋め込んで、そのプログラムの正当性を検証する手法はどれか。,アサーションチェック,コード追跡,スナップショットダンプ,テストカバレッジ分析
SA-2024-AM2-Q07,2024,7,アスペクト指向プログラミング,設計・実装,ア,6,assets/2024_q07_aspect.png,現在のプログラムA、Bに、在庫テーブルを更新した後に更新ログを出力する機能を追加する。この機能は共通モジュールCで実装し、どのプログラムからも利用できるようにする。図は、プログラムの実装案である。案1も案2も、在庫テーブルを更新した後に更新ログが出力される。更新ログを出力する共通モジュールを呼び出す処理を、案1のように各プログラム中に直接記述するのではなく、案2のように呼び出し方の宣言を共通プログラムなどに記述することによって、開発の効率を高めたり、保守性を高めたりするプログラミング技法はどれか。,アスペクト指向プログラミング,オブジェクト指向プログラミング,関数型プログラミング,構造化プログラミング
SA-2024-AM2-Q08,2024,8,参照透過性,設計・実装,ア,7,,純粋関数型言語がもつ特性の一つである参照透過性の説明はどれか。,同じ引数を渡せば、関数は常に同じ結果を返す。,関数を引数とすることや返却値とすることができる。,コンパイル時に型検査を行い、型誤りがないことを保証する。,実際に評価が必要になるまで式の評価を行わない。
SA-2024-AM2-Q09,2024,9,ユニフィケーション,設計・実装,エ,7,,論理型プログラミングにおいて、命題の証明を行うための基本的な機能はどれか。,オーバーライド,オーバーロード,メッセージパッシング,ユニフィケーション
SA-2024-AM2-Q10,2024,10,JIS X 0160 移行プロセス,マネジメント・契約,ア,7,,JIS X 0160:2021（ソフトウェアライフサイクルプロセス）によれば、移行プロセスで実施するタスクはどれか。,システムの利用及び支援に必要な情報ニーズを識別し、利用者用文書、並びに運用操作者、利用者及びその他の利害関係者への教育訓練を用意する。,システム又はシステム要素が明示された要件（要求事項）に合致していることについて、利害関係者の合意を得る。,ソフトウェアシステム又は要素が利害関係者ニーズに合致していることについて、利害関係者の合意を獲得する。,統合されたソフトウェアのインタフェース及び機能が、始動時点から期待されている終了時点まで、期待されるデータ値の範囲内で実行動作することのチェックを実施する。
SA-2024-AM2-Q11,2024,11,JIS X 0160 廃棄プロセス,マネジメント・契約,ウ,8,,JIS X 0160:2021（ソフトウェアライフサイクルプロセス）によれば、廃棄プロセスに関する記述のうち、適切なものはどれか。,使用には不十分なシステム要素は、廃棄せずにサプライチェーンで再利用できるように修正する。,ソフトウェアシステムの廃棄には、サービスの終了は含まない。,廃棄プロセスは、ソフトウェアシステムのライフサイクルのどの段階でも適用できることが意図されている。,プロトタイプの廃棄には、廃棄プロセスは適用されない。
SA-2024-AM2-Q12,2024,12,リーンソフトウェア開発,マネジメント・契約,イ,8,,リーンソフトウェア開発の説明として、適切なものはどれか。,経験的プロセス制御の理論を基本としており、スプリントと呼ばれる周期で“検査と適応”を繰り返しながら開発を進める。,製造業の現場から生まれた考え方をソフトウェア開発に適用したものであり、“ムダをなくす”、“品質を作り込む”といった七つの原則を重視して、具体的な開発プロセスやプラクティスを策定する。,比較的小規模な開発に適した、プログラミングに焦点を当てた開発アプローチであり、“コミュニケーション”などの五つの価値を定義し、それらを高めるように具体的な開発プロセスやプラクティスを策定する。,利用者から見て価値があるまとまりを一つの機能単位とし、その単位ごとに、設計や構築などの五つのプロセスを繰り返しながら開発を進める。
SA-2024-AM2-Q13,2024,13,デザイン思考,要求・開発プロセス,ウ,9,,スタンフォード大学ハッソ・プラットナー・デザイン研究所によるデザイン思考の説明はどれか。,与えられた問題に対して一つの正しい解決策を見つけるために、アイディア出しの段階で、テーマに制限を設けてアイディアが発散しないようにする手法,本質的な問題がどこにあるのかを絞り込むために、利用者との対話よりも、過去のデータや経験を分析することを重視する手法,利用者の立場から問題解決に取り組む方法論であり、現場を観察することによって利用者を理解し、共感することから始め、問題定義、アイディア出し、試作、試行を繰り返す手法,類似の問題が発生した場合に、迅速に解決策を探り当てるために、過去の問題とその解決策をナレッジデータベースとして蓄積する手法
SA-2024-AM2-Q14,2024,14,WTO政府調達協定,マネジメント・契約,イ,9,,WTO政府調達協定に関する記述として、適切なものはどれか。,WTO政府調達協定加盟各国に平等になるように、政府調達協定の定める発注金額の基準額は、各国で同一金額となっている。,WTO政府調達協定の目的は、政府調達における国際的な競争の機会を増大させるとともに、政府調達をめぐる締約国間の問題につき円滑な解決を図ることである。,WTO政府調達協定は、各国の中央政府が発注する案件に適用され、特殊法人など政府関係機関が発注する案件には適用されない。,政府公共調達データベースでは、WTO政府調達協定の適用を受ける案件の検索はできないので、政府調達案件を知るためには、官報を入手する必要がある。
SA-2024-AM2-Q15,2024,15,LSI製造委託先,マネジメント・契約,ウ,10,,組込みシステム開発において、製品に搭載するLSIを新規に開発する。LSI設計を自社で行い、LSI製造を外部に委託する場合の委託先として、適切なものはどれか。,IPプロバイダ,デザインハウス,ファウンドリー,ファブレスメーカー
SA-2024-AM2-Q16,2024,16,eシール,設計・実装,エ,10,,eシールの説明はどれか。,インターネット上のゲーム内に限定されたキャラクターのイメージデータの作成者を証明する仕組みの一つである。,個人の意思表示や、意思表示をしている個人の本人確認が必要な電子文書データについて、その電子文書データの作成者の証明と改ざん防止のために、個人が行う電子署名である。,電子文書データの作成者の証明と改ざん防止のために、重要文書を扱う国や地方自治体などの公共機関だけに使用が許されている電子署名である。,法人が作成した電子文書データについて、その電子文書データの作成者が間違いなくその法人であり、かつ、その電子文書データは作成後に改ざんされていないことを証明する仕組みである。
SA-2024-AM2-Q17,2024,17,コードサイニング証明書,設計・実装,ウ,10,,デジタル署名のあるソフトウェアをインストールするときに、そのソフトウェアの発行元を確認するために使用する証明書はどれか。,EV SSL証明書,クライアント証明書,コードサイニング証明書,サーバ証明書
SA-2024-AM2-Q18,2024,18,AES鍵長,セキュリティ,ア,11,,NISTが制定した、AESにおける鍵長の条件はどれか。,128ビット、192ビット、256ビットから選択する。,256ビット未満で任意に指定する。,暗号化処理単位のブロック長よりも32ビット長くする。,暗号化処理単位のブロック長よりも32ビット短くする。
SA-2024-AM2-Q19,2024,19,OCSP,セキュリティ,ウ,11,,デジタル証明書が失効しているかどうかをオンラインで確認するためのプロトコルはどれか。,CHAP,LDAP,OCSP,SNMP
SA-2024-AM2-Q20,2024,20,JISEC,セキュリティ,エ,11,,日本のITセキュリティ評価及び認証制度（JISEC）に関する記述のうち、適切なものはどれか。,IT製品のうち、利用者ガイダンス、管理者ガイダンスを除いた部分だけが評価用提供物件である。,ハードウェア、ファームウェア、システムは制度の対象外であり、ソフトウェアだけが対象である。,ファイアウォールのように、セキュリティ機能に特化したIT製品だけが制度の対象である。,保護するべき資産、対抗すべき脅威、適用すべき環境が具体化できるIT製品だけが制度の対象である。
SA-2024-AM2-Q21,2024,21,スーパースカラ,コンピュータ・DB・ネットワーク,ア,12,,プロセッサの高速化を図る手法であるスーパースカラの説明として、適切なものはどれか。,互いに依存関係のない複数の命令を動的に並列実行する。,同時に実行可能な複数の機能が埋め込まれた語長の長い命令を実行する。,パイプラインのステージを細分化する。,一つの命令で同時に複数のデータの処理を行う。
SA-2024-AM2-Q22,2024,22,ストレージのシンプロビジョニング,コンピュータ・DB・ネットワーク,ア,12,,ストレージ仮想化技術のシンプロビジョニングに関する記述として、適切なものはどれか。,アプリケーションに対して、物理ストレージの容量を実際よりも大きく見せかけること,サーバのOSが利用するボリュームとして、複数のストレージにまたがる大きな容量のボリュームを作成しておくこと,複数の利用者が仮想化されたストレージを共有しているときに、利用者ごとに利用できる容量の上限を定めて割り当てておくこと,利用者には意識させることなく、利用者間で重複しているデータを削除することによって、ストレージの使用効率を高めること
SA-2024-AM2-Q23,2024,23,フェールソフト,コンピュータ・DB・ネットワーク,ウ,12,,システムに異常が起きた際の対応方法の一つであるフェールソフトとして、適切な動作はどれか。,警告を出し、処理続行の判断をオペレーターに任せる。,システムのサービスを順次、安全に停止する。,性能が低下しても、処理を継続する。,データや装置を損なうことなく運転を停止する。
SA-2024-AM2-Q24,2024,24,デッドロック検出,コンピュータ・DB・ネットワーク,エ,13,,DBMSにおいて、デッドロックを検出するために使われるデータ構造はどれか。,資源割当表,時刻印順管理表,トランザクションの優先順管理表,待ちグラフ
SA-2024-AM2-Q25,2024,25,HTTP 302リダイレクト,コンピュータ・DB・ネットワーク,イ,13,,HTTP応答のステータスコードで、指定されたURLにはコンテンツがなく、別のURLへアクセスし直すようにWebブラウザに促す（リダイレクトさせる）ことを意味するコードはどれか。ここで、左側の3桁の数字がステータスコードで、右側の語句はHTTP応答のステータス行にステータスコードとともに示される説明メッセージである。,204 No Content,302 Found,404 Not Found,501 Not Implemented
SA-2025-AM2-Q01,2025,1,DFDの構成要素,設計・実装,エ,3,,DFDで用いられる図形要素だけの組みはどれか。,円弧、実体、データストア,円弧、データストア、データフロー,源泉と吸収、実体、プロセス,源泉と吸収、データフロー、プロセス
SA-2025-AM2-Q02,2025,2,オブジェクト指向設計原則,設計・実装,エ,3,,オブジェクト指向設計における設計原則の説明のうち、開放・閉鎖原則のものはどれか。,クラスにもたせる役割は一つだけにするべきであり、複数の役割が存在する場合にはクラスを分割する。,クラスを利用するクライアントごとに異なるメソッドが必要な場合は、インタフェースを分ける。,上位のモジュールは、下位のモジュールに依存してはならない。,モジュールは、機能の追加や変更が可能であって、その影響を他のモジュールに及ぼしてはならない。
SA-2025-AM2-Q03,2025,3,シングルサインオン（Keycloak）,セキュリティ,イ,3,,A社は、各種のサービスを複数のWebサイトで提供している。現在、利用者は、Webサイトにログインするたびに、そのサイト用の利用者IDとパスワードを入力する必要がある。この煩わしさを解消するために、いずれかのWebサイトで一度ログインすれば、全てのWebサイトを利用できる仕組みとしたい。この仕組みを実現するための機能を有するOSSはどれか。,BIND,Keycloak,Logstash,OpenSSL
SA-2025-AM2-Q04,2025,4,MapReduce,設計・実装,ウ,4,,大量のデータを並列に処理するために、入力データから中間キーと値との組みを生成する処理と、同じ中間キーをもつ値を加工する処理との2段階で実行するプログラミングモデルはどれか。,2相コミット,KVS,MapReduce,マルチスレッド
SA-2025-AM2-Q05,2025,5,Observerパターン,設計・実装,ア,4,,デザインパターンの一つであるObserverパターンを利用して実現できることはどれか。,あるオブジェクトの状態が変化したときに、それに依存する全てのオブジェクトに自動的に通知する。,ある機能をもつオブジェクトを新しいオブジェクトでラップし、機能を動的に拡張する。,あるクラスのインスタンスが一つしか存在しないことを保証する。,配列や集合のような実装の異なるコンテナに対し、同一のインタフェースでアクセスする。
SA-2025-AM2-Q06,2025,6,静的解析ツール,テスト・品質,ア,4,,プログラム中にエラーが存在するかどうかなどを、ソースプログラムを分析することによって調べるテストツールはどれか。,静的解析ツール,テストカバレッジ分析ツール,テストベッド,メトリクス計測ツール
SA-2025-AM2-Q07,2025,7,ミューテーションテスト,テスト・品質,ウ,5,,"プログラムPをテストケースの集合であるテストセットTでテストし、テスト結果が全て想定結果と一致することを確認した。そのテストセットTに不具合を検出できる十分な能力があるかどうかを評価するために、次の手順でテストを行った。このテストを何と呼ぶか。  ① Pのステートメントの1か所に、例えば(a+b)&gt;1を(a+b&gt;1)のようにするというような、軽微な変更を行ったプログラムP₁,P₂,…,Pₙを作成する。この個々のプログラムの変更内容は全て異なっている。 ② テストセットTを用いて全てのプログラムP₁,P₂,…,Pₙをテストする。 ③ PᵢからPₙまでのm個のプログラムのうち、プログラムPと異なるテスト結果となったプログラムの総数をNとし、次式によって、テストセットTの有効性の指標Eを算出する。E=N/m ",探索的テスト,ドメイン分析テスト,ミューテーションテスト,ユースケーステスト
SA-2025-AM2-Q08,2025,8,サイクロマティック複雑度,テスト・品質,イ,6,assets/2025_q08_graph.png,プログラムの構造的な複雑度を測る尺度としてMcCabeが提唱したサイクロマティック複雑度がある。制御の流れが次のグラフで表されるプログラムのサイクロマティック複雑度は幾らか。ここで、エッジの個数をe、ノードの個数をnとし、サイクロマティック複雑度は e − n + 2 で求めるものとする。,3,4,5,7
SA-2025-AM2-Q09,2025,9,参照呼出し,設計・実装,ア,6,,サブルーチンとの引数の受渡し方のうち、引数として渡した変数の値が、サブルーチンの実行後に変更されないことが保証されているものはどれか。,値呼出し,結果呼出し,参照呼出し,名前呼出し
SA-2025-AM2-Q10,2025,10,カークパトリックの4段階評価,要求・開発プロセス,エ,7,,新システムの受入れ支援において、利用者への教育訓練に対する教育効果の測定を、カークパトリックモデルの4段階評価を用いて行う。レベル1（Reaction）、レベル2（Learning）、レベル3（Behavior）、レベル4（Results）の各段階にそれぞれ対応したa〜dの活動のうち、レベル2のものはどれか。  a 受講者にアンケートを実施し、教育訓練プログラムの改善に活用する。 b 受講者に行動計画を作成させ、後日、新システムの活用状況を確認する。 c 受講者の行動による組織業績の変化を分析し、ROIなどを算出する。 d 理解度確認テストを実施し、テスト結果を受講者にフィードバックする。 ,a,b,c,d
SA-2025-AM2-Q11,2025,11,ユースケース駆動開発,要求・開発プロセス,エ,7,,ユースケース駆動開発の利点はどれか。,開発を反復するので、新しい要求やビジネス目標の変化に柔軟に対応しやすい。,開発を反復するので、リスクが高い部分に対して初期段階で対処しやすく、プロジェクト全体のリスクを減らすことができる。,基本となるアーキテクチャをプロジェクトの初期に決定するので、コンポーネントを再利用しやすくなる。,ひとまとまりの要件を1単位として設計からテストまで実施するので、要件ごとに開発状況が把握できる。
SA-2025-AM2-Q12,2025,12,構造化インタビュー,要求・開発プロセス,エ,8,,要求分析におけるインタビュー技法である構造化インタビューの長所と短所はどれか。,回答者に自由に質問することによって深い洞察を得られるが、準備をうまくしなければヒアリングした内容を聞きそびれてしまうことがある。,回答に基づいて知りたいことを深く掘り下げられるが、インタビューの技量によって成果が左右されることがある。,状況に応じて臨機応変に質問を変更できるが、複数人にインタビューする場合にヒアリング内容にずれが生じることがある。,複数の回答者からの結果を比較しやすいが、インタビューの際に特定の回答者の回答から深い洞察を引き出すことが困難である。
SA-2025-AM2-Q13,2025,13,コンテキスト図,要求・開発プロセス,エ,8,,要件定義において、システムが提供する機能単位と利用者又は外部システムとの間の相互作用や、システム内部と外部との境界を明示するために使用される図はどれか。,アクティビティ図,オブジェクト図,クラス図,ユースケース図
SA-2025-AM2-Q14,2025,14,準委任契約,マネジメント・契約,イ,8,,ラボ契約の特徴はどれか。,依頼員がベンダー企業側の作業担当者を指名して直接指揮命令を行う契約であり、ベンダー企業はこれを前提に要員を割り当てる。,依頼元は、契約に基づきスキルや人数などの基準を満たすように要員を確保することをベンダー企業に求める代わりに、一定以上の発注を約束する。,開発したシステムによって依頼元が将来獲得する売上や利益に応じた報酬をベンダー企業にも分配することを条件に、開発時のベンダー企業への発注金額を抑える。,ベンダー企業は、契約で定めた最低発注工数を下回って作業を完了した場合、実稼働工数に基づく金額の支払を依頼元に請求しなければならない。
SA-2025-AM2-Q15,2025,15,協調フィルタリング,AI・データ活用,ア,9,,協調フィルタリングを用いた、商品のレコメンデーションの例はどれか。,多くの顧客の購買行動の類似性を相関分析などによって求め、顧客Aに類似した顧客Bが購入している商品を顧客Aに勧める。,カテゴリ別に売れ筋商品のランキングを自動抽出し、リアルタイムで売れ筋情報を発信する。,顧客情報から、年齢、性別などの人口動態変数を用い、“20代男性”、“30代女性”などにセグメント化した上で、各セグメント向けの商品を提示する。,野球のバットを購入した人に野球のボールを勧めるなど、商品間の関連に着目して関連商品を提示する。
SA-2025-AM2-Q16,2025,16,水飲み場型攻撃,セキュリティ,ウ,9,,ウォータリングホール（水飲み場型）攻撃はどれか。,ICMPパケットの送信元を偽装し、多数の宛先に送ることによって、攻撃対象のコンピュータに大量の偽のICMPパケットの応答を送る。,PC内のhostsファイルにある、ドメインとIPアドレスとの対応付けを大量に書き換え、偽のWebサイトに誘導し、大量のコンテンツをダウンロードさせる。,送信元IPアドレスを偽装したDNS問合せを多数のDNSサーバに送ることによって、攻撃対象のコンピュータに大量の応答を送る。,誰でも管理ツールの送信ができるメールサーバを踏み台にして、電子メールの送信元アドレスを詐称したなりすましメールを大量に送信する。
SA-2025-AM2-Q17,2025,17,リスク分析と対策効果,設計・実装,ウ,10,,ある企業でのリスク分析結果は次のとおりであった。情報漏えい対策のうち、事象Cが年間発生確率を最も低くなるものはどれか。ここで、対策前の事象Xの年間発生確率をQ₀とし、事象Xへの対策によって事象Xの発生を防止できる確率をdₓとするとき、事象Xへの対策による事象Cの年間発生確率Pは、Q₀(1−dₓ)で計算する。  対策前のマルウェア感染（事象A）の年間発生確率：40% 対策前の外部ネットワークからの侵入（事象B）の年間発生確率：10% 情報漏えい（事象C）は、マルウェア感染又は外部ネットワークからの侵入の発生によって発生する。 ,dₐ=40%のマルウェア対策ソフトとdᵦ=60%のIPSを導入する。,dₐ=50%のマルウェア対策ソフトとdᵦ=50%のIPSを導入する。,dₐ=75%のマルウェア対策ソフトを導入する。,dᵦ=75%のIPSを導入する。
SA-2025-AM2-Q18,2025,18,RADIUS,セキュリティ,エ,10,,通信の暗号化や利用者の認証の機能をもち、遠隔にあるコンピュータに安全にログインするためのプロトコルはどれか。,L2TP,LDAP,RADIUS,SSH
SA-2025-AM2-Q19,2025,19,サブミッションポート（587）,セキュリティ,エ,11,,スパムメール対策として、サブミッションポート（ポート番号587）を導入する目的はどれか。,DNSサーバにSPFレコードを問い合わせる。,DNSサーバに登録されている公開鍵を使用して、デジタル署名を検証する。,POP before SMTPを使用して、メール送信者を認証する。,SMTP-AUTHを使用して、メール送信者を認証する。
SA-2025-AM2-Q20,2025,20,セットアソシアティブ方式,設計・実装,ウ,11,,キャッシュメモリにおけるセットアソシアティブ方式の説明として、適切なものはどれか。,CPUがあるアドレスにアクセスすると、そのアドレスがキャッシュメモリに存在するかどうか、キャッシュメモリ内の全てのタグを検索する。,主記憶のアドレスとキャッシュメモリのアドレスを対応付けて、キャッシュメモリと主記憶の両方にデータを書き込む。,主記憶のある一つのメモリブロックを、キャッシュメモリ内の単一又は複数の配置可能なロケーションに対応付ける。,プログラムが仮想アドレスにアクセスすると、対応する物理アドレスのメモリがアクセスされる。
SA-2025-AM2-Q21,2025,21,コンテナ型仮想化とオーケストレーション,コンピュータ・DB・ネットワーク,エ,12,,コンテナ型仮想化におけるオーケストレーションの説明として、適切なものはどれか。,アプリケーションとその実行環境をまとめ、一つのOSで動作させることによって、システム資源のオーバーヘッドが少なくなり、高速に起動できる。,ある物理サーバで動作している仮想サーバを、その仮想サーバで稼働しているソフトウェアは実行状態のまま、別の物理サーバに移動させる。,処理の順序やサービスの呼出しを制御するプログラムは存在せず、あらかじめ設定した動作条件に従って自律的に動作できる。,処理の順序を制御するプログラムからのリクエストによってサービスを実行し、実行結果をレスポンスとして制御するプログラムに返して処理を継続する。
SA-2025-AM2-Q22,2025,22,キャッシュヒット率と平均応答時間,コンピュータ・DB・ネットワーク,ウ,12,,キャッシュサーバを利用した検索処理の平均応答時間は、キャッシュサーバでヒットした場合には0.2秒、ヒットしない場合には2.2秒である。現在の平均検索応答時間は1.0秒である。3年後のキャッシュサーバのヒット率は、検索量の増加によって現状の半分になると予測されている。3年後の平均検索応答時間は何秒か。ここで、その他のオーバーヘッドは考慮しない。,1.1,1.3,1.6,1.9
SA-2025-AM2-Q23,2025,23,コード体系と順序性,設計・実装,ウ,12,,コードの値からデータの対象物が連想できるコード体系はどれか。,シーケンスコード,デシマルコード,ニモニックコード,ブロックコード
SA-2025-AM2-Q24,2025,24,トランザクション分離性水準,コンピュータ・DB・ネットワーク,エ,13,assets/2025_q24_table.png,トランザクションの隔離性水準を高めたとき、不整合なデータを読み込むトランザクション数と、単位時間に処理できるトランザクション数との適切な組合せはどれか。,増える／増える,増える／減る,減る／増える,減る／減る
SA-2025-AM2-Q25,2025,25,レイヤ2ブリッジ,コンピュータ・DB・ネットワーク,イ,13,,LANで使用されるスイッチングハブ（レイヤー2スイッチ）は、フレームの蓄積機能、速度変換機能や交換機能をもっている。このようなスイッチングハブと同等の機能をもち、同じプロトコル階層で動作する装置はどれか。,ゲートウェイ,ブリッジ,リピータ,ルータ
